{"train/loss": 4.591843128204346, "train/iteration": 200, "train/epoch": 1, "train/lr": 0.0003, "_timestamp": 1670291880.1651163, "_runtime": 25.20595622062683, "_step": 2, "_wandb": {"runtime": 29}}